,count,mean,std,min,25%,50%,75%,max
Non-Rumor (0),1600.0,115.163125,25.72299672636803,17.0,100.0,124.0,136.0,151.0
Rumor (1),1240.0,117.49596774193549,22.53899821526654,22.0,103.0,125.0,136.0,148.0
